{"cameraMode":{"drawMode":0,"name":"Shaded","section":"Shading Mode"},"sceneLighting":true,"audioPlay":false,"sceneViewState":{"showFog":true,"showMaterialUpdate":true,"showSkybox":true,"showFlares":true,"showImageEffects":true,"showParticleSystems":true},"in2DMode":false,"pivot":{"x":73.55319213867188,"y":0.9544597864151001,"z":65.88148498535156},"rotation":{"x":-0.3737480342388153,"y":-0.08854909986257553,"z":0.035871729254722598,"w":-0.9225967526435852},"size":3.412916898727417,"orthographic":false}